study_type,sample_size,technology,disease_focus,key_finding,clinical_relevance,pmid,title,year
computational,,masked language model (tcrLM),"melanoma, COVID-19","tcrLM, a lightweight masked language model pretrained on TCR CDR3 sequences, accurately predicts TCR-peptide binding specificity and shows correlation between predicted TCR-neoantigen binding scores and immunotherapy response in melanoma patients.",high,41923632,A lightweight TcrLM model predicts T cell receptor and epitope binding specificity.,2026
clinical,4.0,high-throughput sequencing of TCR and BCR repertoires,myasthenia gravis,"Tacrolimus therapy induces greater remodeling of the B-cell receptor repertoire than the T-cell receptor repertoire in myasthenia gravis patients, with potential downregulation of specific immunoglobulin V gene families.",high,41912936,Longitudinal omics reveals immune repertoire remodeling in myasthenia gravis patients post-tacrolimus therapy.,2026
clinical,,,hepatocellular carcinoma,Systemic immune profiling identifies divergent immune mechanisms and predictive biomarkers of response to combination immunotherapies (atezolizumab plus bevacizumab and durvalumab plus tremelimumab) in advanced hepatocellular carcinoma.,high,41912268,Systemic immune profiling uncovers divergent mechanisms and predictive biomarkers of response to combination immunotherapies in hepatocellular carcinoma.,2026
clinical,43.0,"scRNA-seq, scTCR-seq",colorectal cancer,T cell clonal dynamics reveal two distinct immune suppression patterns in MSI and MSS colorectal cancers that better explain immunotherapy response than MSI status alone.,high,41898550,Single-Cell Multi-Tissue T Cell Clonal Dynamics Reveal Distinct Immune Coercion Landscapes in MSI and MSS Colorectal Cancer.,2026
clinical,,"['IgA-seq', 'IgG-seq', '16S rRNA sequencing', 'scRNA-seq', 'immune repertoire sequencing']",inflammatory bowel disease (IBD),"Vitamin D promotes immune tolerance to gut microbiota in patients with IBD by increasing IgA-bound bacteria, enhancing BAFF signaling, and expanding regulatory T and B cells.",high,41895287,Multi-omics reveal vitamin D regulation of immune-gut microbiome interactions and tolerogenic pathways in inflammatory bowel disease.,2026
clinical,251.0,"BCR/TCR sequencing (AIRRseq), ELISA",SARS-CoV-2 infection and vaccination,"Vaccination and infection produce subtle, diffuse B- and T-cell repertoire signatures with distinct age effects, where TCR binding capacity to SARS-CoV-2-specific sequences effectively predicts neutralizing antibody levels.",high,41894441,Contrasting effects of SARS-CoV-2 vaccination vs. infection on antibody and TCR repertoires.,2026
clinical,,TCR-seq,chronic chikungunya disease,"A TCR signature in peripheral blood CD4+ T cells is associated with chronic chikungunya disease and suggests a female-biased, conducive background immune profile.",high,41890765,"Identification of a TCR signature in peripheral blood derived CD4+ T cells, associated with chronic chikungunya disease, suggests a conducive, female-biased, background immune profile.",2026
clinical,,scRNA-seq,Systemic Sclerosis,"Single-cell RNA sequencing reveals the transcriptional landscape and characterizes CD4+ T cell subpopulations in systemic sclerosis patients, providing insights into the cellular and molecular mechanisms of the disease.",high,41889800,Transcriptional landscape of CD4+ T cells in Systemic Sclerosis.,2026
clinical,,Next-generation sequencing (NGS),Triple-negative breast cancer (TNBC),Combining neoantigen vaccination with genomic profiling via NGS represents a promising personalized medicine approach for TNBC patients undergoing neoadjuvant chemotherapy.,high,41889691,Personalized medicine in triple-negative breast cancer: combining neoantigen vaccination and genomic profiling in a patient undergoing neoadjuvant chemotherapy.,2025
computational,,TCR-seq,cancer and infectious disease,"GATTCR, a Graph Attention Network framework with multi-feature fusion, achieves superior TCR repertoire classification with up to 47.9% AUROC improvement in few-shot learning scenarios.",high,41874978,GATTCR: A Graph Attention Network with Multi-Feature Fusion for Peripheral Blood TCR Repertoire Classification.,2026
basic_research,,,none,"Tissue-restricted secondary TCR engagement drives the transition from stem-like to CD200-expressing T helper cells, with implications for interleukin-17 production regulation.",medium,41872507,Tissue-restricted secondary TCR engagement drives the transition from stem-like to CD200,2026
basic_research,,,none,"The study investigates how T-cell receptor repertoire in wild mice varies across different ages, sexes, and geographic locations in response to natural pathogen exposure.",medium,41853740,The T-cell receptor repertoire of wild mice.,2026
clinical,,"['scRNA-seq', 'scTCR-seq']",sepsis and urosepsis,"Septic patients exhibit T cell exhaustion across multiple subsets, while high-risk urosepsis individuals show enhanced T cell-mediated adaptive immunity with distinct TCR repertoire profiles.",high,41853277,Distinct landscapes of T-cell immunity and TCR repertoire between sepsis and pre-septic high-risk states.,2026
clinical,,TCR repertoire sequencing,acute graft-versus-host disease (aGVHD),T cell receptor repertoire characterization in aGVHD patients may provide mechanistic insights and identify predictive biomarkers for this major post-transplantation complication.,high,41853256,Quantitative evaluation of T-cell repertoire restoration following hematopoietic stem cell transplantation in patients with and without graft versus host disease.,2026
basic_research,,bioinformatic analysis,none,"Strain-level antigen variations in Bacteroides thetaiotaomicron, including premature stop codons and epitope substitutions, enable immune evasion from CD4+ T cells and facilitate strain-level discrimination by the host immune system.",medium,41847847,Strain-level antigen variation facilitates immune evasion in Bacteroides thetaiotaomicron.,2026
basic_research,,,none,Shared T cell receptor α chains between individuals that recognize conserved viral peptides may differ in the number of non-germline nucleotide additions based on antigen specificity.,medium,41834523,Differences in Shared T Cell receptor α Repertoire Associated with Recognition of Viral Antigens.,2026
basic_research,,"single-cell RNA/TCR sequencing, flow cytometry, multiplex immunohistochemistry",liver transplantation rejection,"MR1-mediated MAIT cells play a critical role in promoting liver transplant rejection through TCR repertoire remodeling, and MR1 knockout alleviates rejection responses.",high,41804231,Single Cell Multi-Omics Revealing the Important Role of MR1 Mediated MAIT Cells in Maintaining Rejection for Liver Transplantation.,2026
clinical,,single-cell analysis,systemic lupus erythematosus,Characterization of B cell depletion and repopulation dynamics at the single-cell level following rituximab treatment in systemic lupus erythematosus patients.,high,41787696,Single-cell level characterization of B cell depletion and repopulation following rituximab in systemic lupus erythematosus.,2026
clinical,,TCR-seq,head and neck squamous cell carcinoma (HNSCC),Pre-existing TCR clones are drivers of major pathological responses in HNSCC patients treated with dual immune checkpoint inhibitors.,high,41785014,Pre-existing TCR clones drive major pathological responses in HNSCC patients treated with dual immune checkpoint inhibitors.,2026
review,,"TCR-seq (DNA-based, RNA-based, short-read, long-read, bulk, single-cell approaches); spatial TCR-seq; machine learning algorithms; motif-based clustering",cancer immunology and immunotherapy,"TCR-seq enables comprehensive characterization of adaptive immune repertoires and tracking of T-cell clones across temporal and spatial dimensions, providing insights into tumor-specific immune responses and treatment efficacy, though antigen specificity prediction methods require further refinement.",high,41775434,"TCR sequencing in cancer immunology and immunotherapy: what, when, where, why, and how.",2026
basic_research,,scRNA-seq,Sézary syndrome and cutaneous T-cell lymphomas,Single-cell RNA sequencing enables dissection of malignant heterogeneity and immune dysregulation in leukaemic cutaneous T-cell lymphomas.,high,41773808,Mapping malignant T-cell states and immune circuits in Sézary syndrome by single-cell analysis.,2026
clinical,,high-throughput BCR/TCR sequencing,Kawasaki disease,"KD patients exhibit oligoclonal B-cell and T-cell receptor expansion with reduced diversity consistent with antigen-driven selection, whereas the CAWS mouse model shows polyclonal activation, revealing a critical divergence between human disease and current animal models.",high,41764728,Comprehensive immune repertoire profiling reveals distinct characteristics in Kawasaki disease and a mouse model.,2026
basic_research,,"single-cell RNA sequencing, single-cell TCR sequencing",triple-negative breast cancer,"Serum-free culture conditions support robust Vγ9Vδ2 γδ T cell expansion with higher purity, activated phenotype, and comparable or enhanced cytotoxicity compared to serum-containing conditions, offering improved consistency for adoptive cell therapy.",high,41743736,Human serum influences functional plasticity and transcriptomic landscape of γδ T cells ,2026
clinical,,TCR β CDR3 repertoire profiling,pediatric myocarditis,TCR β CDR3 repertoire analysis in pediatric myocarditis reveals clonal expansion and disease-associated public clonotypes that provide insights into disease-associated adaptive immune responses.,high,41716402,TCR β CDR3 repertoire remodeling in pediatric myocarditis reveals clonal expansion and disease-associated public clonotypes.,2026
basic_research,,"TCR screening, functional assay, antigen-presenting cell labeling","viral infections (COVID-19, influenza, herpesviruses)","A functional screening workflow successfully identified the antigen specificities of public TCRs circulating in up to 14% of individuals, revealing shared immune memories against immunodominant viral epitopes including cross-reactive coronavirus-specific and conserved influenza-specific TCRs.",high,41686909,De novo identification of the specificities of recurrently identified human T cell receptors.,2026
computational,2250.0,"TCRβ chain sequencing, deep learning",Type 1 diabetes,"HLA risk alleles correlate with restricted TCR repertoires in T1D patients, and deep learning identified T1D-associated TCR motifs that are enriched in pancreatic lymph nodes of affected individuals.",high,41686902,Identification of a type 1 diabetes-associated T cell receptor repertoire signature from the human peripheral blood.,2026
computational,,AIRR-seq,COVID-19,"AIRR-seq can detect imprints of past and ongoing SARS-CoV-2 infections through T cell receptor biomarkers, enabling monitoring of infectious disease spread based on population immunity signatures.",high,41680899,Inference of SARS-CoV-2 exposure biomarkers using large-scale T-cell repertoire profiling.,2026
computational,,TCR sequencing,non-small cell lung cancer (NSCLC),A multi-branch ensemble learning framework enables non-invasive detection of non-small cell lung cancer through analysis of T-cell receptor sequencing from peripheral blood.,high,41673808,A multi-branch ensemble learning framework for detection of non-small cell lung cancer via T-cell receptor sequencing.,2026
basic_research,,,gastric cancer,Genetically engineered ErbB2 overexpression in organoid-derived tumors enhances sensitivity to checkpoint inhibition in a syngeneic gastric cancer model.,medium,41672595,Genetically engineered ErbB2 overexpression sensitizes organoid-derived tumors to checkpoint inhibition in a syngeneic model of gastric cancer.,2026
clinical,,TCR repertoire profiling,Immunoglobulin A nephropathy (IgAN),T-cell receptor repertoire analysis was performed in tonsillar tissue of IgAN patients to investigate the role of T cells in the pathogenesis of this chronic glomerulonephritis.,high,41665944,Shared T-Cell Receptor Repertoire in the Tonsils of Patients with Immunoglobulin A Nephropathy.,2026
computational,3.0,bulk TCR sequencing,pancreatic cancer,TCRcloud is an open-access visualization platform that enables analysis of TCR and BCR diversity changes during immune checkpoint inhibitor treatment and other cellular immune responses.,high,41652507,TCRcloud: a global visualization tool for T-cell and B-cell receptor transcripts.,2026
basic_research,,,pancreatic ductal adenocarcinoma (PDAC),Cytokine mRNA-based therapy restores dendritic cell and T cell populations to effectively eliminate aggressive pancreatic cancer in preclinical mouse models.,high,41638924,Cytokine mRNA-based therapy alleviates dendritic cell and T cell paucity to eliminate aggressive pancreatic cancer in preclinical mouse models.,2026
clinical,,TCR sequencing,glioma,The study examines whether herpesvirus-specific T-cell receptor sequences in patient blood associate with glioma grade and survival outcomes.,high,41624423,T-cell receptor sequencing for detection of Epstein-Barr and cytomegalovirus-specific immune responses in glioma patients: An exploratory study.,2025
clinical,,multi-omics,thymoma-associated myasthenia gravis,Multi-omics profiling identifies intrathymic triggers and novel biomarkers that explain how thymoma induces myasthenia gravis through microenvironmental mechanisms.,high,41612506,Multi-omics profiling reveals intrathymic triggers and novel biomarkers in thymoma-associated myasthenia gravis.,2026
clinical,57.0,"single-cell RNA-seq, T cell receptor (TCR) sequencing","Alzheimer's disease, amyotrophic lateral sclerosis, Parkinson's disease",The leptomeninges contain highly clonally expanded CD8 tissue-resident memory T cells that may play a role in neuroinflammation across neurodegenerative diseases.,high,41593242,Clonal CD8,2026
clinical,20.0,"transcriptomics, T cell clonality analysis, B cell clonality analysis",platinum-resistant ovarian cancer,Oligoclonal B cell expansion and passenger fusion genes are predictive biomarkers of nivolumab response in recurrent ovarian cancer.,high,41591474,Oligoclonal B cell expansion and passenger fusion genes predict response to Nivolumab in recurrent ovarian cancer: phase II Kyoto trial.,2026
basic_research,30000.0,TCR-seq,none,"TCR diversity decline with age and individual variation is governed by fundamental relationships between TCR diversity, repertoire size, and systemic clonal expansion rather than passive processes alone.",medium,41583486,"A fundamental relationship between TCR diversity, repertoire size and systemic clonal expansion: insights from 30,000 TCR",2025
clinical,31.0,"flow cytometry, bulk TCR-seq",mesothelioma,T cell phenotypes in malignant pleural effusion are distinct from peripheral blood and show unique signatures associated with patient survival in mesothelioma.,high,41574275,Comparative analysis of malignant pleural effusion and peripheral blood reveals unique T cell signatures associated with survival in mesothelioma patients.,2026
clinical,128.0,TCR sequencing,tuberculosis,"Ten public Mtb-reactive T cell metaclones are sufficient to identify tuberculosis-specific T cell reactivity across a population, revealing population-level immunodominance of specific TCR-peptide interactions.",high,41565657,Evolution of the tuberculin skin test reveals generalisable Mtb-reactive T cell metaclones.,2026
basic_research,,"Tope-seq, high-throughput TCR profiling",none,High-throughput screening with Tope-seq can effectively detect cross-reactive epitopes in engineered therapeutic TCRs to assess off-target autoreactivity risk from genome-encoded self-antigens.,high,41562097,Comprehensive self-antigen screening to assess cross-reactivity in promiscuous T-cell receptors.,2025
clinical,,TCR sequencing,immune thrombocytopenia,High pre-treatment peripheral blood T cell receptor clonality predicts prolonged response to treatment in immune thrombocytopenia patients.,high,41560569,"Immune repertoire profiling in immune thrombocytopenia: A path towards biomarkers, for The British Journal of Haematology.",2026
basic_research,,,osteosarcoma,"Aging reshapes the osteosarcoma tumor immune microenvironment and tumor-intrinsic programs, contributing to poor clinical outcomes in elderly patients.",high,41553639,Aging reshapes the osteosarcoma ecosystem through immune dysfunction and tumor cell reprogramming.,2026
basic_research,,multi-omic profiling,T-cell leukemia,"Fratricide-driven, unedited CD7 CAR-T cells demonstrate preclinical efficacy in T-cell leukemia treatment through multi-omic characterization.",high,41546117,"Multi-omic profiling and preclinical efficacy of fratricide-driven, unedited CD7 CAR-T cells in T-cell leukemia.",2026
computational,3150.0,TCRβ sequencing,none,"TCR2HLA is a computational tool that accurately infers HLA genotypes from TCR repertoires by identifying HLA-associated TCR features and metaclonotypes, enabling biomarker discovery in samples lacking HLA data.",high,41544105,TCR2HLA: Calibrated inference of HLA genotypes from TCR repertoires enables identification of immunologically relevant metaclonotypes.,2026
clinical,,"single cell RNA-sequencing, T cell receptor (TCR)-sequencing",allergic asthma,"T cells isolated via bronchoalveolar lavage and endobronchial brushings exhibit distinct phenotypes and clonotypes, with enrichment of CD4 T helper type 2 cells being the most significant difference between allergic asthmatics and healthy controls.",high,41519381,Distinct phenotypes and repertoires of bronchoalveolar and airway mucosal T cells in health and allergic asthma.,2026
basic_research,,"REFLEX (single-cell multiomic profiling with paired-chain TCR sequencing, 10x FLEX platform)",none,"REFLEX enables massively scalable single-cell multiomic profiling of T cells with TCR sequencing, profiling 1.4M T cells from CMV-peptide-pulsed expansions and identifying novel CMV-reactive clonotypes.",medium,41510249,Massively Scalable Single-cell Multiomic Profiling of T Cell Repertoire with REFLEX.,2025
basic_research,,TCR sequencing,glioblastoma,"The iHOTT model successfully recapitulates patient-specific tumor-immune interactions and demonstrates pembrolizumab-driven expansion of stem-like CD4 T cell clonotypes, supporting the need for antigen-targeted immunotherapy strategies in glioblastoma.",high,41505256,A human tumor-immune organoid model of glioblastoma.,2026
clinical,,scRNA-seq,COVID-19,Convalescent COVID-19 plasma transfusion promotes inflammatory responses in CD4 memory T cells and B cells while disrupting NK cell communication with adaptive immune cells in severe COVID-19 patients.,high,41500480,Single cell transcriptomic atlas reveals distinct immune signatures following transfusion of COVID-19 convalescent plasma in severe COVID-19.,2026
clinical,,HLA profiling and TCR repertoire analysis,Opsoclonus-myoclonus-ataxia syndrome (OMAS),Investigation of HLA profiles and T-cell receptor repertoires to identify similarities and differences between idiopathic and paraneoplastic OMAS in a Spanish pediatric cohort.,high,41499722,HLA and T-Cell Receptor Investigations in Idiopathic and Paraneoplastic Opsoclonus-Myoclonus in Children.,2026
clinical,401.0,,graft-versus-host disease,Recent viral infections significantly impact T cell receptor composition and influence GVHD risk independently of HLA matching in HLA-identical sibling hematopoietic cell transplantation.,high,41497599,Genetic and environmental imprints on T cell receptor repertoires as predictors of graft-versus-host disease.,2025
basic_research,,,Tick-borne encephalitis virus,Tick-borne encephalitis virus variants induce distinct alterations in T cell receptor repertoires during acute viral infection.,high,41488624,Tick-borne encephalitis virus variants drive distinct TCR repertoire alterations.,2025
clinical,856.0,TCR sequencing,breast cancer,"TCR clonality and diversity changes in peripheral blood correlate with breast cancer stage, subtype, treatment response, and survival outcomes.",high,41462298,Circulating T-cell receptor repertoire and clinicopathological correlations in breast cancer patients: immune repertoire analysis from the VGH-TAYLOR study.,2025
computational,,"next-generation sequencing (NGS), TCR sequencing","cancer, infectious diseases, vaccine response",SatTCR pipeline enables saturation analysis of TCR repertoire to determine optimal sequencing depth for accurate representation of T cell repertoires in health and disease studies.,high,41458169,SatTCR: a pipeline for performing saturation analysis of the T cell receptor repertoire and a case study of a healthy canine.,2026
clinical,52.0,"RNA-Seq, MiXCR, VDJTools",sepsis with thrombocytopenia,Septic patients with thrombocytopenia show upregulated T-cell activation signaling pathways and altered immune profiles associated with higher mortality and SOFA scores compared to non-thrombocytopenic septic patients.,high,41444326,Whole transcriptome analysis reveals T cell signaling activation in septic patients with thrombocytopenia.,2025
review,,immune repertoire sequencing,"multiple (immune-mediated adverse drug reactions, cancer immunotherapy, graft-versus-host disease, autoimmune disorders, food allergy, transplantation, vaccination)",Integration of HLA polymorphisms and immune repertoire dynamics (TCR/BCR) with genetic information enables prediction of interindividual drug responses and immune-related toxicities across diverse clinical contexts.,high,41438736,Significance and challenges of immunopharmacogenomics.,2025
clinical,,"deep sequencing of bulk-sorted CD4+ T cells, single-cell TCR sequencing",Sjögren's disease,"SjD-associated TCR motifs with shared putative antigen specificity were identified in both salivary glands and peripheral blood, with abundances correlating to reduced salivary flow and two Ro60 epitopes identified as targets of pathogenic T cell clones.",high,41424382,Identification of Sjögren's disease-associated T cell receptor motifs through deep sequencing.,2025
clinical,,,cytomegalovirus reactivation after allogeneic haematopoietic stem cell transplantation,Shared donor-recipient γδ T-cell phenotypic and repertoire features are associated with cytomegalovirus reactivation following allogeneic haematopoietic stem cell transplantation.,high,41415800,Shared donor-recipient γδ T-cell phenotypic and repertoire features associate with cytomegalovirus reactivation after allogeneic haematopoietic stem cell transplantation.,2025
basic_research,,TCRβ repertoire sequencing,cancer,"Radiotherapy and immunotherapy alter the TCR repertoire by affecting hematopoietic stem cells, with combined RT and checkpoint inhibitor treatment causing notable decreases in TCRβ diversity and CDR3 diversity.",medium,41415478,Analysis of the TCRβ repertoire characteristics when combining radiotherapy and immunotherapy in cancer.,2026
clinical,1.0,,melanoma,Malignant pleural effusions represent an accessible source of tumor-reactive T cells that could potentially be used for adoptive cell therapy as an alternative to surgical tumor resection.,high,41415427,Phenotypic and functional characterization of tumor-reactive T cells in malignant pleural effusions.,2025
basic_research,,,COVID-19,Study evaluates CD8 T cell capacity to target SARS-CoV-2 variants and assess immune escape potential of HLA-A2-restricted immunodominant epitopes.,high,41407706,Resistance potential of the HLA-A2-restricted immunodominant SARS-CoV-2-specific CD8,2025
clinical,66.0,"mass cytometry, ELISA, TCR sequencing",cancer and COVID-19,"Pre-vaccination immune profiling identifies specific T cell, B cell, and myeloid populations that correlate with COVID-19 mRNA vaccine response in cancer patients on active treatment.",high,41399253,Pre-vaccine immune profiling in cancer patients identifies correlates of COVID-19 vaccine responses.,2025
basic_research,,genome sequencing,none,"The study characterizes the unique genomic organization of TCR loci in the Iberian ribbed newt, revealing separation of TRA and TRD loci, filling a critical gap in understanding TCR architecture across amphibians.",low,41394813,Unique TCR loci architecture in newts: TRA and TRD separation in ,2025
basic_research,,REFLEX (single-cell TCR sequencing with multiome profiling integrated with 10x FLEX platform),none,"REFLEX enables massively scalable single-cell profiling of >2 million T cells with paired-chain TCR sequencing and multiomic information, identifying novel CMV-reactive clonotypes and advancing understanding of T cell-mediated adaptive immunity.",medium,41394686,"REFLEX, a Novel Immune Profiling Assay, Combining TCR Repertoire and Multiome at Massively Scalable Single-cell Resolution to Catapult Exploration of T-cell Derived Immunity.",2025
basic_research,,,viral infection,In-depth characterization of CD4 TCR CDR3β repertoire diversity specific to influenza A and Epstein-Barr virus epitopes in circulating T cells.,medium,41383601,Deep exploration of the TCR CDR3β repertoire specific for viral CD4 T-cell epitopes inside the circulating T-cell repertoire.,2025
basic_research,,,betaherpesviruses (HHV-6B and HCMV infection),"CD4 T cells possess cytotoxic capacity in response to betaherpesviruses HHV-6B and HCMV, expanding understanding of CD4 T cell roles beyond traditional helper functions in viral control.",high,41376632,TCR repertoire of human cytotoxic CD4 T cells responding to betaherpesviruses HHV-6B and HCMV.,2025
basic_research,,,cancer,Functional validation of a HER2/neu-specific TCR clonotype targeting the KIFGSLAFL peptide presented by HLA-A*02 for T cell receptor-engineered T cell therapy.,high,41376627,"Anti-HER2/neu TCR-T Cells in Action: linking transcriptional signatures, secretomics, and ",2025
computational,5339.0,GWAS,Type 1 narcolepsy,"HLA-DQB1*03:01 is a strong transethnic genetic determinant of earlier age of onset in type 1 narcolepsy, independent of DQA1 and ethnicity.",high,41364757,HLA-DQB1*03:01 strongly affects age of onset of type 1 narcolepsy independently of DQA1 and ethnicity.,2025
basic_research,,high-throughput sequencing,none,"Cattle TCR β CDR3 repertoire shows lower diversity and higher dominant clones compared to humans and mice, with V gene rearrangement bias influenced by recombination signal sequence quality and physical distance.",medium,41355369,Characterization of the Cattle TCR β CDR3 Repertoire and Gene Rearrangement Bias Influenced by Recombination Signal Sequences and Physical Distance.,2026
basic_research,,"10X Genomics, scRNA-seq, Smart-seq3xpress, TCR repertoire profiling",none,Development of a plate-based 10X Genomics-compatible single-cell RNA-sequencing method that enables direct pairing of indexed single-cell sorting with scRNA-seq data while reducing costs for small-scale cell population profiling.,medium,41353535,Plate-based 10X Genomics-compatible single-cell RNA-sequencing based on Smart-seq3xpress.,2025
clinical,,"scRNA-seq, single-cell TCR repertoire sequencing",HIV-1 infection,A significantly decreased proportion of naïve MAIT cells is associated with incomplete immune reconstitution in ART-treated HIV-1 patients who are immunological non-responders.,high,41352538,A decreased proportion of naïve MAIT cells is associated with the incomplete immune reconstitution in antiretroviral therapy-treated HIV-1 patients.,2025
computational,,sequence-based machine learning prediction,oncology,"Training a generalizable TCR specificity prediction model for personalized neoepitope recognition requires 1-100 million epitopes, approximately 1000-fold larger than current publicly available datasets.",high,41309794,Assessing data size requirements for training generalizable sequence-based TCR specificity models via pan-allelic MHC-I point-mutation ligandome evaluation.,2025
basic_research,10.0,single-cell sequencing,none,T cell clones exhibit compartmentalized phenotypes and clonal sharing patterns between blood and tissues that vary with age and are influenced by tissue-specific antigen exposure and chronic infections.,high,41308653,Deep profiling of human T cells defines compartmentalized clones and phenotypic trajectories across blood and tonsils.,2025
computational,,TCR-seq,colorectal cancer,A Transformer-based machine learning model using TCR repertoire features achieved an AUC of 0.973 for colorectal cancer diagnosis on internal testing and 0.814 on independent testing.,high,41301172,Peripheral Blood TCR Clonotype Diversity as a Biomarker for Colorectal Cancer.,2025
basic_research,,"TIRTL-seq, bulk TCR-seq, 10x Genomics Chromium","SARS-CoV-2, Epstein-Barr virus","TIRTL-seq enables cost-effective paired TCR repertoire sequencing at scale by generating hundreds of TCR libraries in 384-well plates, combining the strengths of bulk and single-cell approaches while identifying clonal expansions with distinct dynamics.",high,41286199,"TIRTL-seq: deep, quantitative and affordable paired TCR repertoire sequencing.",2026
clinical,,"['single-cell RNA sequencing', 'TCR sequencing', 'microarray', 'bulk RNA sequencing', 'qRT-PCR']",esophageal squamous cell carcinoma,Proliferative exhausted T cells represent a novel tumor microenvironment subset with high infiltration that correlates with improved patient survival and serves as a favorable prognostic biomarker in ESCC.,high,41286177,Discovery and validation of proliferative exhausted T cells as a favorable prognostic biomarker in esophageal squamous cell carcinoma.,2025
computational,,,cancer,A fingerprint-based approach enables structure-based T cell receptor repertoire analysis and specificity prediction for pairing TCR with peptide-MHC complexes.,high,41280903,A fingerprint approach to pioneer structure-based T cell receptor repertoire analysis and specificity prediction.,2025
basic_research,,,influenza A infection,"Natural killer T cells play an important role in shaping adaptive immune responses to influenza infection through cytokine release that affects the scope and magnitude of virus-specific T cells, B cells, and antibody responses.",high,41279250,Pigs lacking Natural Killer T cells have altered cellular responses to influenza.,2025
basic_research,,,none,"Atomistic TCR-ligand interactions regulate the differentiation of memory T cells, which provide adaptive immunity against pathogens and cancer.",high,41279151,Atomistic TCR-ligand interactions instruct memory T-cell differentiation.,2025
clinical,,,non-small cell lung cancer (NSCLC),CD8+ CX3CR1+ T cells are systemically activated and infiltrate tissues in NSCLC patients treated with neoadjuvant immune checkpoint blockade.,high,41275012,Systemic activation and tissue infiltration of CD8 + CX3CR1 + T cells in non-small cell lung cancer treated with neoadjuvant immune checkpoint blockade.,2026
clinical,,,long COVID-19 (post-COVID-19 syndrome),Anti-GPCR autoantibodies triggered by SARS-CoV-2 are linked to autonomic dysfunction and vasoregulation impairment in long COVID-19 patients.,high,41274384,Autonomic dysfunction and vasoregulation in long COVID-19 are linked to anti-GPCR autoantibodies.,2026
clinical,,"scRNA-seq, scTCR-seq, scBCR-seq",Lymphatic malformations,"Lymphatic malformations exhibit immune dysfunction characterized by expansion of pro-inflammatory monocytes and atypical B cells with reduced cytotoxic T and NK cells, and S100A8 was identified as a potential therapeutic target.",high,41273773,Multidimensional single-cell analysis reveals immune dysfunction and inflammatory response in Lymphatic malformations.,2025
clinical,,immune receptor repertoire sequencing,acute invasive fungal sinusitis,"This study explores adaptive immunity dynamics in acute invasive fungal sinusitis through immune receptor repertoire analyses, addressing a previously unstudied aspect of this fatal infection in immunocompromised patients.",high,41269034,Immune Receptor Repertoire Analyses Reveal Dynamics of Adaptive Immunity in Acute Invasive Fungal Sinusitis.,2026
clinical,1.0,high-throughput TCR sequencing,metastatic prostate cancer,Serial TIL infusions combined with anti-PD-1 blockade achieved durable complete remission with sustained clonal persistence and reactivation of TIL-derived immunity over five years.,high,41267983,Serial TIL infusions and PD-1 blockade drive long-term clonal persistence in prostate cancer.,2025
clinical,,next-generation sequencing targeting TCRβ/γ,non-small cell lung cancer (NSCLC),"Baseline tissue and circulating TCRβ repertoire composition, particularly TRBV/J gene usage, can predict pembrolizumab response and progression-free survival in advanced NSCLC patients.",high,41266384,Tissue and peripheral T cell receptor repertoire predicts immunotherapy response and progression-free survival in NSCLC patients.,2025
clinical,,,advanced pancreatic cancer,The study evaluated the safety and efficacy of allogeneic NK cell therapy combined with gemcitabine and S-1 as first-line treatment for advanced pancreatic cancer while characterizing the dynamic immune landscape associated with treatment response.,high,41266303,Dynamic transcriptional immune landscape in response to NK-cell therapy combined with gemcitabine plus S-1 in advanced pancreatic cancer: a phase 1b/2 trial.,2025
review,,"high-throughput sequencing, TCR-seq",cancer,"TCR repertoire analysis serves as a powerful biomarker for cancer diagnosis, prognosis, and therapeutic monitoring, with distinct patterns predicting immunotherapy response and clinical outcomes.",high,41244934,Harnessing TCR repertoires: predictive insights and therapeutic monitoring in cancer immunotherapy.,2025
clinical,,"bulk TCR sequencing, single-cell RNA sequencing",tuberculosis,"PDI-TCR assay successfully identifies and distinguishes antigen-specific TCRs from bystander TCRs in TB patients, revealing that Mtb-specific T cells display diverse short-lived effector phenotypes at diagnosis that transition to memory phenotypes during treatment.",high,41241821,Peptide-driven identification of TCRs reveals dynamics and phenotypes of CD4 T cells in tuberculosis.,2026
basic_research,,bulk TCR-seq,synovial sarcoma,"Oncolytic measles virus encoding neutrophil-activating protein demonstrates significant anti-tumor effects in synovial sarcoma models, addressing the immunologically cold nature of this malignancy.",high,41235176,Oncolytic measles virotherapy encoding the neutrophil-activating protein is effective in synovial sarcoma.,2025
clinical,48.0,bulk TCR-seq (SMARTer Human TCR Profiling Kit with UMIs),SARS-CoV-2 reinfection,"TCR repertoire analysis reveals distinct signatures in reinfected individuals compared to primary infection and healthy controls, with both groups showing significantly reduced TCR diversity.",high,41209021,Distinct characteristics of T cell receptor repertoire associated with the SARS-CoV-2 reinfection.,2025
basic_research,,single-cell TCR-sequencing,"infectious diseases, autoimmunity, and cancer","CD4+ MAIT cells express highly diverse TRAV1-2- TCRs including TRAV21, TRAV8, and TRAV12 families, distinct from the canonical TRAV1-2+ CD8+ MAIT cell subset.",medium,41206963,CD4+ mucosal-associated invariant T cells express highly diverse T cell receptors.,2025
basic_research,,bulk RNA-sequencing,Trypanosoma cruzi infection,"A method for analyzing TCR and IgG immune repertoires from bulk RNA-seq data of PBMCs, focusing on CDR3 sequence diversity to understand host adaptive immune responses to T. cruzi infection in Rhesus macaques.",medium,41182622,Profiling T Cell Receptor and Immunoglobulin Repertoires Through RNA Sequencing to Understand Host Response to Trypanosoma cruzi Infection.,2026
clinical,100.0,"TCR repertoire sequencing, bulk transcriptomics, flow cytometry",Psoriasis vulgaris,"Psoriasis vulgaris drives dynamic remodeling of γδ T cell repertoires in both blood and skin that is shaped by disease severity, age, and sex, with circulating γδ T cells adopting an activated, cytotoxic, tissue-homing phenotype.",high,41181116,"Psoriasis vulgaris leaves a dynamic imprint on circulating and skin γδ TCR repertoires shaped by disease severity, age, and sex.",2025
computational,,TCR-seq,Systemic Lupus Erythematosus,"DeepTAPE, a deep learning framework analyzing TCRβ CDR3 sequences, achieves robust classification performance for SLE diagnosis and enables discovery of immunological biomarkers.",high,41174657,Deep learning-driven TCRβ repertoire analysis enhances diagnosis and enables mining of immunological biomarkers in systemic lupus erythematosus.,2025
clinical,8054.0,TCR sequencing,"lung cancer, indeterminate pulmonary nodules",TCR repertoire analysis integrated with clinical and imaging data (TCRnodseek plus) demonstrates superior diagnostic performance for distinguishing benign from malignant indeterminate pulmonary nodules.,high,41150899,Large-Scale T-cell Receptor Repertoire Profiling Unveils Tumor-Specific Signals for Diagnosing Indeterminate Pulmonary Nodules.,2025
basic_research,,HTGTS-TCR-seq,none,"HTGTS-TCR-seq enables efficient quantitative profiling of TCR α and β gene rearrangements, revealing stage-specific V and J usage, age-associated repertoire alterations, and conserved CDR3 features across mouse and human T cells.",medium,41144713,HTGTS-TCR-Seq for Profiling of Mouse and Human T-Cell Receptor α and β Gene Rearrangements and Diversity.,2026
clinical,,next-generation sequencing of TCR β chain (TCRB),"multiple myeloma, monoclonal gammopathy of undetermined significance, smoldering multiple myeloma","Machine learning analysis revealed distinct TCR clusters with different amino acid properties that differentiate healthy individuals from patients with plasma cell dyscrasias, despite no significant differences in overall TCR repertoire diversity.",medium,41144424,Machine learning reveals distinct T-cell receptor clusters in plasma cell dyscrasias compared to healthy controls.,2025
clinical,,,anti-Jo1+ antisynthetase syndrome,Autoreactive T cells in anti-Jo1+ antisynthetase syndrome patients recognize a novel epitope on histidyl t-RNA synthetase.,high,41139557,Autoreactive T cells identified in patients with anti-Jo1+ antisynthetase syndrome recognise a new epitope on histidyl t-RNA synthetase.,2026
basic_research,,"single-cell RNA sequencing, single-cell TCR sequencing","thymic involution, aging, cancer and infection vulnerability","Aging reduces T-lineage potential in thymic progenitors while increasing innate lymphoid potential, leading to peripheral T cell aging characterized by reduced naive T cells and shifts in TCR repertoire diversity.",high,41136751,Single-cell analysis of human thymus and peripheral blood unveils the dynamics of T cell development and aging.,2025
clinical,,,mycosis fungoides and Sézary syndrome,"TCR clonotype patterns vary across disease stages and histologic subtypes in cutaneous T-cell lymphomas, with potential applications in risk stratification.",high,41123901,T-Cell Receptor Clonotypes and Aggressive Subtypes in Cutaneous T-Cell Lymphoma.,2026
clinical,2.0,TCR-β sequencing,chronic inflammatory demyelinating polyneuropathy (CIDP) as adverse effect of cilta-cel therapy,"CIDP is a severe complication of cilta-cel therapy that may arise from bystander expansion of autoreactive CD8⁺ T-cells rather than direct CAR-T cell activity, and early T-cell-depleting therapy may improve outcomes.",high,41115887,Chronic inflammatory demyelinating polyneuropathy (CIDP) after cilta-cel therapy.,2025
computational,,TCR β-chain sequencing,Acute Respiratory Distress Syndrome (ARDS),"NLP-based clustering of CDR3 sequences using Word2Vec and KMeans successfully distinguished immune activation states in ARDS patients from controls based on repertoire structural topology, with ARDS samples showing high dispersion and disrupted organization compared to tight clusters in healthy controls.",high,41113103,"Optimizing clustering of CDR3 sequences using natural language processing, Word2Vec, and KMeans.",2025
computational,,TCR meta-database,COVID-19,A TCR meta-database was created to identify SARS-CoV-2 epitope-specific T cells and determine whether mRNA vaccination influences the T cell repertoire diversity and complexity.,high,41112294,Patterns of restricted TCR usage following SARS-CoV-2 vaccination and severe disease.,2025
basic_research,,,hepatocellular carcinoma,Downregulated tumor lysine metabolism reshapes the immune microenvironment and influences therapeutic responses in hepatocellular carcinoma.,high,41107837,Multi-omics profiling reveals downregulated tumor lysine metabolism reshaping the immune microenvironment and therapeutic responses in hepatocellular carcinoma.,2025
computational,,"scRNA-seq, single-cell TCR sequencing","cancer, autoimmune diseases, infectious diseases","Scirpy is a Python package that enables integrated analysis of multi-modal single-cell RNA and TCR sequencing data for comprehensive characterization of T-cell repertoires, antigen specificity, and clonal dynamics.",high,41106935,Analysis of single-cell TCR repertoires and gene expression from multi-modal scRNA-seq data.,2025
,,,,,,41103436,Infiltration characteristics and regulatory mechanisms of CD8,2025
basic_research,,,cancer,Chemotherapy acts as a broad antigen-releasing agent that synergizes with TLR7/8/9 agonists to generate potent antitumor immunity in immunologically cold tumors.,high,41097803,Chemotherapy Liberates a Broadening Repertoire of Tumor Antigens for TLR7/8/9-Mediated Potent Antitumor Immunity.,2025
clinical,88.0,DNA-based next-generation sequencing (NGS) TCRβ-chain profiling,combined immunodeficiency (CID) and severe combined immunodeficiency (SCID),A reliable clinical TCRβ sequencing strategy was developed with established reference values across healthy populations that can differentiate pathological T cell repertoire characteristics in patients with RAG-SCID/CID.,high,41096855,"A High-Throughput Sequencing Strategy for Clinical Repertoire Profiling of T Cell Receptor Beta Chain: Development and Reference Values Across Healthy Adults, Paediatrics, and Cord Blood Units.",2025
basic_research,5.0,"single-cell TCR sequencing, single-cell mRNA sequencing",yellow fever vaccination; HIV-1 infection; B cell malignancy,Yellow fever vaccine-induced CD8+ T cells with TCR bias can be successfully redirected toward unrelated target cells including HIV-1-infected cells through bispecific T cell engagers.,high,41092800,TCR bias drives development of dominant vaccine-induced CD8+ T cell responses which can be redirected toward cellular targets.,2025
basic_research,,,melanoma,"Umbilical cord blood-derived cytotoxic T lymphocytes can target melanoma through HLA-A2-restricted tumor antigens, offering an alternative cell source to peripheral blood for adoptive cell therapy.",high,41088891,Umbilical cord blood-derived cytotoxic T lymphocytes target melanoma via HLA-A2-restricted tumour antigens.,2025
computational,583.0,"scRNA-seq, single-cell TCR-seq, paired TCRαβ sequencing",pan-disease (46 disease conditions),A large-scale reference of paired single-cell RNA/TCR sequencing from over 2 million T cells reveals intrinsic features of germline-encoded TCR-MHC restriction and links TCRαβ information to T cell phenotypes across multiple disease conditions at the population level.,high,41087327,A pan-disease and population-level single-cell TCRαβ repertoire reference.,2025
computational,,"immunopeptidomics, mass spectrometry-based proteomics",none,AIMS is a bioinformatics tool that enables unbiased analysis of immunopeptidomic datasets by identifying biophysical signatures and elucidating differences in MHC peptide repertoires across tissues and conditions.,medium,41085626,Utilizing Protein Bioinformatics to Delve Deeper into Immunopeptidomic Datasets with AIMS: An Automated Immune Molecule Separator.,2026
computational,,TCR sequencing,cancer (22 types),"AutoTFCNNY, a multi-instance neural network combining Transformer and CNN, achieves average AUC >0.94 for cancer detection across 22 cancer types using peripheral blood TCR repertoires.",high,41060975,AutoTFCNNY: A multi-instance neural network for enhanced early cancer detection using TCR data.,2025
clinical,,TCR-seq,Epilepsy,Peripheral TCR repertoire alterations in epilepsy reflect adaptive immune activation and may serve as immune signatures for disease diagnosis and brain atrophy severity.,high,41058231,Systemic T Cell Receptor Profiling Reveals Adaptive Immune Activation and Potential Immune Signatures of Diagnosis and Brain Atrophy in Epilepsy.,2026
computational,,TCR-seq,none,"Thymic selection shapes TCR repertoires through specific physicochemical and sequence features, with CDR3 loop structure and composition affecting CD4+ versus CD8+ lineage commitment in an MHC haplotype-dependent manner.",medium,41050667,Comprehensive analysis of αβT-cell receptor repertoires reveals signatures of thymic selection.,2025
clinical,29.0,"single-cell RNA sequencing, single-cell protein sequencing, single-cell TCR sequencing, ELISpot, flow cytometry",SARS-CoV-2,"Vaccination-induced CD8 T cell repertoires maintain polyclonality with high-avidity TCRs, which provides robustness against viral escape through epitope alterations rather than relying on clonal expansion differences.",high,41042909,Vaccination-induced T cell responses maintain polyclonality with high antigen receptor avidity.,2025
basic_research,,single-cell TCR analysis,COVID-19,The study investigates the long-term persistence and evolution of memory T-cell responses to SARS-CoV-2 spike antigen following primary infection and subsequent antigen exposures.,high,41034205,Long-persisting SARS-CoV-2 spike-specific CD4,2025
basic_research,,,none,Incomplete abstract provided - unable to extract key findings,low,41022795,Neuron-reactive KIR,2025
clinical,5.0,single-cell TCR sequencing,celiac disease,"Gluten-free diet induces significant TCR repertoire remodeling in pediatric celiac disease patients, with contraction of expanded cytotoxic CD8+ T cell clones after 9-10 months of dietary adherence.",high,41009495,Single-Cell TCR Sequencing Uncovers Remodeling of the Immune Repertoire After a Short-Term Gluten-Free Diet in Pediatric Celiac Disease.,2025
computational,,TCR-seq,"LCMV infection, tuberculosis, autoimmune diseases",ALICE and TCRNET algorithms outperform GLIPH2 and tcrdist3 for identifying antigen-specific T-cell receptors using neighborhood enrichment approaches.,high,40996146,Neighborhood enrichment for the identification of antigen-specific T-cell receptors.,2025
clinical,,"TCR immune repertoire sequencing, immunohistochemical analysis",Lumbar disc herniation,γδ T cell infiltration and reduced TCR clonal diversity in lumbar disc herniation patients predict neurological recovery and prognosis.,high,40993505,γδ T Cell Infiltration Predicts the Prognosis of Lumbar Disc Herniation.,2026
clinical,,,Merkel cell carcinoma,"Tertiary lymphoid structures in Merkel cell carcinoma promote infiltration of naïve and central memory T cells, which correlates with improved immunotherapy response to immune checkpoint inhibition.",high,40992783,Tertiary lymphoid structures in Merkel cell carcinoma facilitate naïve and central memory T-cell infiltration linked to immunotherapy response.,2025
clinical,,,lung cancer,Blood memory CD8 T cell phenotypes can predict immune checkpoint inhibitor treatment responses in lung cancer patients.,high,40989699,Blood memory CD8 T cell phenotypes in lung cancer patients predict immune checkpoint treatment responses.,2025
basic_research,,TCR sequencing,cancer,"ESPEC-SUIT is a versatile assay that enables identification and tracking of polyclonal, antigen-specific T cell receptors from both MHC class I and class II-restricted responses in cancer patients.",high,40983341,ESPEC-SUIT: a versatile and robust platform to identify and track antigen-specific T cell receptors in patients with cancer.,2025
clinical,,"['scRNA-seq', 'TCR-seq']",glioblastoma,Dual checkpoint blockade with anti-PD-1 and anti-LAG-3 promotes expansion of tumor-reactive T cell clones along a unique differentiation pathway in glioblastoma patients.,high,40964361,Dual checkpoint blockade of glioblastoma with Anti-PD-1 and Anti-LAG-3 promotes expansion of tumor-reactive T cell clones along a unique pathway of differentiation.,2025
computational,,scTCR-seq,cancer,"THLANet, a deep learning model using ESM-2 embeddings, accurately predicts TCR-neoantigen binding specificity for class I HLA-presented antigens, enabling assessment of immunogenic potential in cancer immunotherapy.",high,40939018,THLANet: A deep learning framework for predicting TCR-pHLA binding in immunotherapy applications.,2025
computational,,statistical mapping,none,Population-level analysis of TCR-HLA interactions provides foundational mapping of how T-cell receptors interact with peptides presented by human leukocyte antigens.,high,40936899,Large-scale statistical mapping of T-cell receptor ,2025
computational,19701.0,TCR-Seq,147 clinical conditions,"TCRdb2.0 is an expanded T-cell receptor sequence database containing approximately 700 million TCR sequences from nearly 20,000 samples across 46 tissues and 147 clinical conditions, with enhanced functionality for browsing and analysis.",high,40923589,TCRdb 2.0: an updated T-cell receptor sequence database.,2026
basic_research,,machine learning-based functional genetic screen,none,DDX55 suppresses activation-promoting transposable elements to maintain naïve T cell homeostasis and preserve TCR repertoire diversity.,medium,40911696,DDX55 safeguards naïve T cell homeostasis by suppressing activation-promoting transposable elements.,2025
basic_research,,,none,Incomplete abstract prevents extraction of main finding.,medium,40909501,Tissue-specific clonal selection and differentiation of CD4,2025
basic_research,,TCR-seq,none,TET2 and TET3 deletion impacts TCRα and TCRβ repertoire diversity in murine CD4 T cells in both thymic and peripheral compartments.,medium,40909275,Assessing the impact of TET2 and TET3 deletion in TCRalpha and TCRbeta repertoire in murine CD4 T cells in physiological and pathophysiological conditions.,2025
basic_research,,,β-lactam antibiotic hypersensitivity,"HLA-A*02:01 presents penicillin-modified cysteinylated peptides that can be recognized by drug-specific T cells, providing mechanistic insights into immune-mediated β-lactam hypersensitivity reactions.",high,40906332,HLA-A*02:01 Presents Penicillin-Modified Cysteinylated Peptides for T Cell Recognition.,2025
clinical,81.0,TCR-seq,solid tumors,"Tumor-derived T cell clonotypes are enriched in cell-free DNA and persist in peripheral blood during pembrolizumab treatment, suggesting cfDNA TCR repertoire analysis can serve as a non-invasive biomarker for tumor-infiltrating immune responses.",high,40875293,T cell receptor repertoire in cell-free DNA as a proxy for tumor infiltrates in patients treated with pembrolizumab.,2025
clinical,,,non-small cell lung cancer,Spatial distribution of T-cell clones in NSCLC tumors provides insights into immunogenic mechanisms and may have prognostic and predictive implications for immunotherapy response.,high,40866291,Spatial TCR clonality and clonal expansion in the in situ microenvironment of non-small cell lung cancer.,2025
basic_research,,Tseek,none,Tseek enables characterization of canine TCR repertoires with minimal bias to identify influences of genetic lineage and age and monitor immune status in dogs.,medium,40854597,The canine T cell receptor repertoire.,2025
basic_research,,,pancreatic cancer,"Traditional neo-antigen-focused methods for detecting tumor-reactive CD8+ TILs in pancreatic cancer are limited in scope and complexity, necessitating alternative approaches to better understand the biological characteristics of these cells.",high,40855305,Functional tumor-reactive CD8 + T cells in pancreatic cancer.,2025
review,,,none,Protein language models applied to TCR repertoires capture context-dependent features from unlabeled data and achieve superior generalization performance for antigen specificity prediction compared to conventional sequence representation methods.,high,40855636,TCR representation learning with protein language models: a comprehensive review.,2026
computational,,TCR sequencing,acute myeloid leukemia (AML) and hematological malignancies,Computational models were developed to detect WT1-specific T-cell responses from TCR sequencing data in healthy donors and AML patients using peptide-pulsing with WT1 epitope VLDFAPPGA.,high,40847198,Predicting antigen-specific T-cell immunity against Wilms tumor 1 in hematologic cancer.,2025
clinical,40.0,TCR sequencing,diffuse large B-cell lymphoma (DLBCL),"Zanubrutinib combined with rituximab and lenalidomide achieved a 65% complete response rate in elderly DLBCL patients, with efficacy primarily driven by tumor microenvironmental alterations and T-cell immunological memory rather than genetic changes.",high,40829156,A phase 2 study of zanubrutinib in combination with rituximab and lenalidomide in de novo diffuse large B-cell lymphoma.,2025
computational,,TCR sequencing,none,"TCR alpha and beta chain V-region loops contain amino acid signatures that distinguish MHC class I from class II recognition, with machine learning models achieving improved accuracy when both chains are analyzed.",medium,40815345,T-cell receptor insights: Determinants of Major Histocompatibility Complex class I versus class II recognition.,2025
review,,"TCR repertoire analysis, bioinformatic screening",cancer,TCR-focused approaches using patient TCR repertoire analysis can complement antigen-focused strategies to select therapeutic TCRs for personalized adoptive cell therapy in cancer immunotherapy.,high,40801654,Exploiting TCR Repertoire Analysis to Select Therapeutic TCRs for Cancer Immunotherapy.,2025
basic_research,,"TCR screening, viral genome screening, antigen-presenting cell labeling","viral infections (coronavirus, influenza B, Herpesviridae)","A functional screening workflow identified target specificities of public TCRs circulating in up to 14% of individuals, including cross-reactive seasonal coronavirus TCRs and conserved epitope-targeting TCRs for influenza and herpesvirus infections.",high,40799546,,2025
clinical,1.0,"genomic sequencing, single-cell spatial transcriptomics","T-cell lymphoma, diffuse large B-cell lymphoma","A clonally expanded T-cell population with TFH-like characteristics developed 2.5 years post-CAR-T therapy but spontaneously resolved, highlighting the need to distinguish post-CAR-T clonal lymphoproliferations from true malignant transformation.",high,40796743,A clonally expanded nodal T-cell population diagnosed as T-cell lymphoma after CAR-T therapy.,2025
clinical,,"scRNA-seq, scV(D)J-seq",COVID-19,"Disease severity in COVID-19 is associated with progressive CD8+ T cell and Treg depletion, increased CD4+ T cells and plasma cells, dysregulated immune pathways, and reduced TCR/BCR repertoire diversity.",high,40796616,Severity-specific immune landscape of COVID-19 revealed by single-cell sequencing.,2025
clinical,,"SiMSen-Seq, flow cytometry",metastatic melanoma (cutaneous and uveal),γδ T cells were characterized in peripheral blood from melanoma patients using ultrasensitive DNA sequencing and flow cytometry to inform development of γδ T cell-based immunotherapies.,high,40791601,Cellular and molecular characterization of γδ T cells in peripheral blood from patients with metastases from cutaneous and uveal melanoma.,2025
basic_research,,"['spleen transcriptome sequencing', 'TCR β CDR3 repertoire sequencing']",polycystic ovary syndrome (PCOS),IGFBP7 plays a role in immune regulation and modulation of PCOS-like symptoms through effects on immune gene expression and T cell receptor diversity in a DHEA-induced mouse model.,medium,40780684,The role of IGFBP7 in the immune regulation of PCOS-like symptoms based on spleen transcriptome and TCR β CDR3 repertoire analysis.,2025
computational,3150.0,TCRβ sequencing (TCRβseq),SARS-CoV-2/COVID-19,"TCR2HLA enables accurate inference of HLA genotypes from TCR repertoires using quasi-public metaclonotypes, achieving high classification accuracy across common HLA alleles and enabling discovery of disease-associated TCRs.",high,40777454,TCR2HLA: calibrated inference of HLA genotypes from TCR repertoires enables identification of immunologically relevant metaclonotypes.,2025
clinical,,,Autosomal-dominant Roquin-1 immunodeficiency and hyperinflammation,"Genetic variants in RC3H1 that disrupt Roquin-1 repressor activity cause primary immunodeficiency characterized by susceptibility to infections, hyperinflammation, autoimmunity, and lymphoproliferation through dysregulation of posttranscriptional mRNA stability.",high,40769319,Autosomal-dominant Roquin-1 immunodeficiency and hyperinflammation.,2025
basic_research,,"single-cell TCRseq, RNAseq",none,"Single-cell TCRseq revealed that anti-mouse TCR variable region mAbs have specific genomic targets, with consistent ERV1-family LTR expression patterns associated with TRBV segments in a defined genomic region.",medium,40751448,Genomic specificity of anti-mouse TCR mAbs determined by single-cell RNAseq.,2025
basic_research,,,none,The insulator EACBE regulates V(D)J recombination of the Tcrd gene by modulating chromatin organization to generate T cell receptor diversity.,medium,40746544,The insulator EACBE regulates V(D)J recombination of Tcrd gene by modulating chromatin organization.,2025
clinical,215.0,high-throughput TCR sequencing,colorectal cancer,"A comprehensive dataset of pre-treatment TCR repertoires from 215 newly diagnosed colorectal cancer patients reveals immune system characteristics useful for immunology research, biomarker discovery, and risk assessment.",high,40731113,A Large-Scale Dataset of Pre-Treatment TCR Repertoires in Colorectal Cancer Patients.,2025
clinical,,,hormone receptor-positive breast cancer,Characterization of tumor-specific CD8 T cell responses in hormone receptor-positive breast cancers to understand immune mechanisms in ER+ tumors.,high,40730190,Tumor-specific CD8 T cell characterization in HR,2025
clinical,,TCR sequencing,HTLV-1-associated myelopathy (HAM),"Increased TCR degeneracy in HTLV-1-specific CTLs, particularly at position 5 of the antigen, is inversely correlated with HTLV-1 proviral load and enhances antiviral efficacy against variant viruses.",high,40724852,High TCR Degeneracy Enhances Antiviral Efficacy of HTLV-1-Specific CTLs by Targeting Variant Viruses in HAM Patients.,2025
basic_research,,"10x Genomics VDJ sequencing, single-cell RNA sequencing (scRNAseq), TCR and BCR enrichment",influenza A virus (IAV) infection,"High-throughput single-cell TCR and BCR sequencing in pigs successfully identified expanded T cell clonotypes with activated phenotypes in re-exposed IAV pigs, demonstrating the utility of this approach for immune repertoire profiling.",medium,40715353,Single-cell antigen receptor sequencing in pigs with influenza.,2025
clinical,,TCR sequencing,COVID-19,Temporal dynamics and diversity of the T cell receptor repertoire are associated with recovery in patients with severe COVID-19.,high,40709175,Temporal TCR dynamics and epitope diversity mark recovery in severe COVID-19 patients.,2025
basic_research,,"single-cell transcriptomics, chromatin accessibility analysis",acute myeloid leukemia (AML) with t(8;21) translocation,Integration of single-cell transcriptomic and chromatin accessibility landscapes reveals heterogeneous cellular properties and gene regulatory programs in t(8;21) AML.,high,40707954,A multi-omic single-cell landscape reveals transcription and epigenetic regulatory features of t(8;21) AML.,2025
computational,,"['scRNA-seq', 'scVDJ-seq']",none,Integration of single-cell RNA-sequencing and adaptive immune receptor sequencing is a powerful approach for studying lymphocyte development.,medium,40687995,,2025
clinical,1050.0,TCR β chain sequencing,lung cancer,Circulating T-cell receptor repertoire functional unit analysis detected nearly 50% of stage I lung cancers at 80% specificity and improved sensitivity by up to 20 percentage points when combined with ctDNA and protein biomarkers.,high,40684046,Circulating T-cell receptor repertoire for cancer early detection.,2025
basic_research,,TCR sequencing,glioblastoma,"The iHOTT model enables study of patient-specific tumor-immune interactions in glioblastoma and demonstrates that pembrolizumab treatment induces stem-like CD4-T-cell clonotype expansion, supporting the need for antigen-targeted immunotherapy strategies.",high,40667050,A Human Tumor-Immune Organoid Model of Glioblastoma.,2025
clinical,,"TCR repertoire analysis, cytokine profiling",multiple sclerosis,"Combined cytokine profiling and T-cell receptor repertoire analysis reveals correlations between T-cell repertoire composition and cytokine imbalance in MS patients, providing insights into MS-driving immune responses.",high,40666507,T-cell repertoire correlates with cytokine imbalance in multiple sclerosis patients.,2025
basic_research,,,glioma,T cell infiltration patterns in glioma tissue are important for immunotherapeutic development and serve as prognostic and diagnostic biomarkers.,high,40666357,Mapping T cell infiltration patterns in glioma tumor tissue.,2025
basic_research,,,cancer cachexia and checkpoint inhibitor efficacy/toxicity,Cancer cachexia-induced thymic microenvironment remodeling and involution affects immune checkpoint inhibitor treatment efficacy and toxicity.,high,40665793,Thymic Microenvironment Remodeling in Cancer Cachexia as a Determinant of Checkpoint Inhibitor Efficacy and Toxicity.,2025
clinical,,bulk TCR-seq,metastatic non-small cell lung cancer,Napsin A-specific T-cell clonotypes in peripheral blood are associated with improved clinical outcomes in patients receiving checkpoint immunotherapy for metastatic non-small cell lung cancer.,high,40664448,Napsin A-specific T-cell clonotypes are associated with improved clinical outcomes in patients receiving checkpoint immunotherapy for metastatic non-small cell lung cancer.,2025
basic_research,,,none,"Thymocytes expressing a monoclonal TCR can mature through unconventional β-selection-independent pathways dependent on interleukin-7 and γδTCR, generating functional αβ T cells with uniform TCR expression despite compromised β-selection.",medium,40664176,Maturation of thymocytes with a monoclonal TCR under control of Trac promoter elements in the absence of β-selection.,2025
computational,,"high-throughput multiplex assays, TCR-seq",none,"G2VTCR, a graph embedding method using Weisfeiler-Lehman iterations on atomic-level representations of TCR CDR3 and antigens, outperforms existing embedding methods including protein language models for TCR-antigen binding prediction and TCR clustering.",medium,40654984,G2VTCR: predicting antigen binding specificity by Weisfeiler-Lehman graph embedding of T cell receptor sequences.,2025
computational,,TCR-seq,tuberculosis,PDI-TCR is a novel computational approach for assigning antigen specificity to TCR sequences and characterizing CD4 T cell dynamics in tuberculosis infection.,high,40654739,Peptide Driven Identification of TCRs (PDI-TCR) reveals dynamics and phenotypes of CD4 T cells in tuberculosis.,2025
basic_research,,TCR profiling,melanoma,"Neoantigen-specific T cells expanded in lymph nodes and infiltrated tumors after peptide vaccination and anti-CTLA4 therapy, but showed signs of exhaustion despite therapeutic intervention.",high,40650228,"Nodal Expansion, Tumor Infiltration and Exhaustion of Neoepitope-Specific Th Cells After Prophylactic Peptide Vaccination and Anti-CTLA4 Therapy in Mouse Melanoma B16.",2025
basic_research,,Iso-seq (long-read high-throughput isoform sequencing),none,Tregs possess a unique isoform repertoire including preferential expression of full-length FOXP3 isoform and TCR-stimulation-dependent upregulation of ICOS and PD-L1 isoforms that are distinct from conventional T cells.,medium,40650080,Full-Length Transcriptome Sequencing Reveals Treg-Specific Isoform Expression upon Activation.,2025
computational,,TCR-epitope prediction models,none,A benchmark of 21 TCR-epitope prediction models revealed that all methods successfully predict binding to frequently observed epitopes but fail for rare epitopes and exhibit bias across different epitope classes.,high,40628266,Benchmarking of T cell receptor-epitope predictors with ePytope-TCR.,2025
clinical,,TCR sequencing,non-small cell lung cancer (NSCLC),Peripheral blood TCR repertoire composition prior to treatment may serve as a predictive biomarker for clinical response in NSCLC patients receiving immunochemotherapy.,high,40597837,Pre-treatment peripheral blood TCR repertoire as a predictor of response in patients with NSCLC treated with immunochemotherapy.,2025
clinical,,"flow cytometry, TCR sequencing, RNA sequencing, immunofluorescence, histology",immunological aging,"Functional thymic tissue persists in older adults with heterogeneous output influenced by sex and smoking, correlating with improved TCR diversity and immune protection.",high,40591412,Heterogeneity of thymic output in the elderly and its association with sex and smoking.,2025
clinical,633.0,TCR sequencing,lung cancer,Blood T-cell receptor profiling using the Tumor Immune Lymphocyte Score (TILS-A) can detect lung cancer with predictive value independent of clinical risk factors and shows promise for early cancer detection.,high,40590661,T-cell Receptor Profiling of Blood to Detect Lung Cancer.,2025
clinical,,BCR-seq and TCR-seq,"Pure red cell aplasia, autoimmune hemolytic anemia, aplastic anemia","B-cell and T-cell receptor repertoire analysis reveals distinct autoimmune mechanisms across pure red cell aplasia, autoimmune hemolytic anemia, and aplastic anemia.",high,40587957,"Exploration of B- and T-Cell Receptor Repertoires Reveals Distinct Mechanisms in Pure Red Cell Aplasia, Autoimmune Hemolytic Anemia, and Aplastic Anemia.",2025
clinical,19.0,"bulk RNA-seq, whole exome sequencing, TCR repertoire analysis",advanced HER2-negative breast cancer,Sequencing analysis reveals that responders to entinostat combined with nivolumab and ipilimumab demonstrate preexisting immune-activated tumor microenvironment and significant alterations in immune cell populations and TCR diversity after triplet treatment.,high,40585251,Sequencing analysis reveals evidence of immune activation in advanced HER2 negative breast cancer responders treated with entinostat + nivolumab + ipilimumab.,2025
clinical,,"TCRβ sequencing, flow cytometry",lung transplantation rejection and infection,"HvG TCR enrichment in bronchoalveolar lavage is associated with early rejection and reduced pulmonary function, while pathogen-reactive TCRs drive infection responses, providing mechanistic insights for tailored immunosuppression strategies.",high,40585171,Immunogenomic landscape of T cell repertoire after human lung transplantation and its clinical significance.,2025
clinical,,TCR-seq,Multiple Sclerosis,"Distinct TCR clonotypes in Sardinian MS patients, particularly MAIT and iNKT cell clonotypes targeting BST2 and HCV antigens, suggest these cell populations contribute to MS pathogenesis.",high,40583051,Distinct T Cell Receptor Clonotypes in the Sardinian Population Highlight the Role of Mucosal-Associated Invariant T Cells and Invariant Natural Killer T Cells in Multiple Sclerosis.,2025
clinical,,,gastrointestinal tumors,"Proton beam therapy produces less severe lymphopenia compared to photon-based radiotherapy, suggesting greater potential for synergy with immune checkpoint blockade immunotherapy.",high,40574667,The differential immunological impact of photon vs proton radiation therapy in high-grade lymphopenia in patients with gastrointestinal tumors.,2025
,,,,,,40573882,Longitudinal Immunoprofiling of the CD8,2025
basic_research,,TCR sequencing,Trypanosoma cruzi infection,"TSKb20-specific CD8+ T cells exhibit broad cross-reactivity and functional effector capacity despite being dispensable for immune control, challenging the paradigm that individual immunodominant parasite epitopes are critical for infection control.",medium,40570098,Highly cross-reactive and competent effectors dominate the CD8+ T cell response in Trypanosoma cruzi infection.,2025
basic_research,,"micro-well-based single-cell multi-omics platform, scRNA-seq, targeted cell surface proteomics, AIRR sequencing, dextramers",human cytomegalovirus (CMV) infection,A comprehensive single-cell multi-omics workflow successfully identified paired TCR sequences for three prominent CMV epitopes and validated dCODE dextramer sensitivity for detecting antigen-specific T cells at low frequencies.,medium,40555232,Characterization of human CMV-specific CD8,2025
clinical,,,Psoriasis vulgaris,"Combined treatment with acupoint injection, BCG-PSN, and thymosin enteric-coated tablets improves psoriasis vulgaris through regulation of T cell subsets.",high,40551724,Acupoint Injection Combined with BCG-PSN and Thymosin Enteric-Coated Tablets Improve China Han Psoriasis Vulgaris by Regulating T Cell Subsets.,2025
computational,89.0,"whole exome sequencing, whole genome sequencing",pancreatic ductal adenocarcinoma (PDAC),"HRD-positive PDACs show increased TMB and neoantigen load but paradoxically exhibit lower CD8+ T cell infiltration and clonal diversity, suggesting a potential resistance mechanism to immunotherapy.",high,40533854,"Homologous recombination-DNA damage response defects increase TMB and neoantigen load, but not effector T cell density and clonal diversity in pancreatic cancer.",2025
basic_research,,,Chagas disease,The study investigates associations between immunoglobulin and T cell receptor repertoires and their relationship with Trypanosoma cruzi parasite diversity and host immune responses in naturally infected rhesus macaques to understand pathogenic mechanisms in Chagas disease.,high,40533759,Association of antibody and T cell receptor repertoires in Trypanosoma cruzi infected rhesus macaques and host response to infection.,2025
computational,,genomic and transcriptomic analysis,Angioimmunoblastic T-Cell Lymphoma,Integrative genomic and transcriptomic analysis identifies targetable vulnerabilities in angioimmunoblastic T-cell lymphoma.,high,40510016,Integrative Genomic and Transcriptomic Analysis Reveals Targetable Vulnerabilities in Angioimmunoblastic T-Cell Lymphoma.,2025
clinical,,"['CyTOF', 'TCR-seq', 'SNP genotyping']",COVID-19,"Integration of T cell repertoire, mass cytometry, and genetic data using Latent Class Model analysis reveals immunological subphenotypes in COVID-19 patients with varying clinical outcomes.",high,40502932,"Integration of T cell repertoire, CyTOF, genotyping and symptomatology data reveals subphenotypic variability in COVID-19 patients.",2025
basic_research,,,transplant rejection,"HLA-DQ monomers successfully enriched HLA-DQ-specific CD4 T cells through repeated stimulation, as demonstrated by proliferation and activation marker upregulation.",high,40502077,HLA-DQ monomer-based enrichment of alloreactive CD4 T cells.,2025
computational,,TCR-seq,viral infections and cancer,A joint experimental and computational approach was developed to accurately predict antigen specificity of clinically-derived TCR sequences using biophysical modeling.,high,40501772,Biophysical modeling for accurate T cell specificity prediction of viral and tumor antigens.,2025
basic_research,,phage display,cancer,Phage display combined with machine learning enables discovery of cancer antigen-specific TCRs targeting epitopes like NY-ESO-1 for T cell-based therapies.,high,40498839,Phage display enables machine learning discovery of cancer antigen-specific TCRs.,2025
clinical,52.0,"whole exome sequencing, intracellular cytokine staining, TCR repertoire sequencing, single-cell transcriptomics",IDH1-mutant glioma,"Personalized neoantigen-targeting peptide vaccines induced robust, polyfunctional, and polyclonal CD4+ and CD8+ T cell responses against mutIDH1 in 89% of patients, with shared TCR sequences identified across patients with matching HLA alleles.",high,40480654,In-depth characterization of vaccine-induced neoantigen-specific T cells in patients with IDH1-mutant glioma undergoing personalized peptide vaccination.,2025
clinical,,,allergic asthma,"Different sampling methods (BAL, endobronchial brushings, biopsies) capture distinct T cell phenotypes and clonotypes from the lungs in health and allergic asthma.",high,40462898,Distinct phenotypes and repertoires of bronchoalveolar and airway mucosal T cells in health and allergic asthma.,2025
basic_research,,,pancreatic ductal adenocarcinoma (PDAC),"Enhanced mutanome analysis can improve neoepitope identification and T-cell response induction for personalized immunotherapy of pancreatic cancer, addressing challenges of low tumor cell content and limited mutational load.",high,40461160,Enhanced mutanome analysis towards the induction of neoepitope-reactive T-cell responses for personalized immunotherapy of pancreatic cancer.,2025
computational,,"single-cell TCR-seq, bulk TCR-seq",none,"LightCTL, a lightweight contrastive learning method with context-aware prompts, substantially improves the accuracy and generalizability of TCR-pMHC binding specificity prediction across diverse datasets and TCR sequence variations.",high,40439672,LightCTL: lightweight contrastive TCR-pMHC specificity learning with context-aware prompt.,2025
clinical,,high-throughput sequencing,B-ALL (B-cell acute lymphoblastic leukemia),BCR and TCR repertoires identified as potential prognostic biomarkers for pediatric B-ALL patients to improve individualized therapy and clinical outcomes.,high,40433442,High-throughput Sequencing Reveals that BCR and TCR Repertoires as Potential Prognostic Biomarkers for Pediatric Patients with B-ALL.,2025
computational,,TCR-seq,none,"A two-stage VAE framework with contrastive learning and cosine triplet loss improved TCR latent feature representation and peptide-specific clustering, outperforming sequence-based methods for TCR specificity prediction.",medium,40432791,TCRCluster: a novel approach to T-cell receptor latent featurization and clustering using contrastive learning-guided two-stage variational autoencoders.,2025
computational,,,none,Generative Adversarial Networks using LSTM and LeakyReLU architectures can generate biologically reliable and diverse CDR3 sequences for engineered T-cell receptor applications.,high,40419551,High-fidelity in silico generation and augmentation of TCR repertoire data using generative adversarial networks.,2025
review,,"massive parallel sequencing, single-cell experiment platforms, genome engineering",autoimmune diseases,"Recent advancements in big data science and sequencing technologies enable comprehensive analysis of TCR repertoire diversity and enable TCR-mediated immune regulation research including TCR as biomarkers, TCR-T cell differentiation links, and TCR genetic regulation.",high,40416013,Big Data Science on T Cell Receptor-mediated Immune Regulation.,2025
clinical,,spatiotemporal T-cell tracking,childhood cancer,Spatiotemporal T-cell tracking enables personalized TCR T-cell therapy design to improve immune checkpoint inhibition responses in pediatric malignancies with low mutational burden.,high,40403847,Spatiotemporal T-cell tracking for personalized T-cell receptor T-cell therapy designs in childhood cancer.,2025
basic_research,,"multiplex PCR, TCR-seq, unique molecular identifiers",cancer,A robust multiplex PCR protocol (FUME-TCRseq) with unique molecular identifiers enables TCR repertoire sequencing from poor-quality RNA in formalin-fixed paraffin-embedded tumor samples.,high,40402454,A Robust Quantitative Multiplex PCR for T-cell Receptor Repertoire Sequencing from Formalin-Fixed Paraffin-Embedded Samples.,2025
computational,,"['scRNA-seq', 'scTCR-seq']",none,Immunopipe is a comprehensive pipeline for integrated analysis of scRNA-seq and scTCR-seq data that combines command-line and web-based interfaces to enable exploration of cell heterogeneity and T-cell receptor repertoires.,medium,40391086,Immunopipe: a comprehensive and flexible scRNA-seq and scTCR-seq data analysis pipeline.,2025
basic_research,,"peptide-MHC multimers, TCR gene transfer, combinatorial peptide library scanning",prostate cancer,"KLK4-A2 TCR demonstrates high specificity and effective cytotoxic killing potential against prostate cancer with minimal off-target reactivity, supporting its therapeutic potential for TCR-based immunotherapy.",high,40387827,TCR-Based Therapy Directed against Kallikrein-Related Peptidase 4 Is Safe and Effective against Prostate Cancer.,2025
clinical,,TCR diversity analysis (D50),colorectal cancer and non-small-cell lung cancer,T-cell receptor diversity (D50) values in peripheral blood may serve as a biomarker for diagnosis and treatment evaluation in colorectal and lung cancers.,high,40387418,Peripheral Blood T-Cell Receptor Repertoire Diversity as a Potential Biomarker in the Diagnosis and Treatment Evaluation of Colorectal and Lung Cancers: A Prospective Observational Study.,2025
